Variants,MetaRNN_z_score,SNPred_z_score,CPT-1_z_score,GEMME_z_score
P477H,-1.1365108026218878,-1.8451084075956152,-0.7008663068276546,-0.668513679967116
V475F,-0.313529469797047,-0.4695979906256289,-1.1369335691259095,0.35721017182067494
V475I,-1.7648107138841536,-2.1738565940645125,-1.2171837535689911,-0.9851834243583628
P473L,1.004116367258352,0.8709096548068569,-0.677061990456564,0.9224229284228573
A472V,-0.4745577831712958,-1.321263647603374,-0.5179966860129089,-0.6898184116690348
A472E,0.2491649735669012,0.5997657178028737,0.40395084866530456,0.4038785659748015
A472T,-0.7494638723182999,0.1154222063575352,-0.6909145540957589,-0.9837218369092908
H468Q,1.3131459843855617,0.9407130551917061,-0.07644067208402973,1.9992697577684753
F467V,0.44127717934305594,0.46337715700495224,0.2362800890595296,-0.6775033072300842
H466Y,1.2213055665554848,0.9270026470168284,-0.33590130958810765,1.0052147423146487
V465F,1.091107842618283,0.9309781199231408,0.20427963143947434,0.6905385553266402
V465I,-1.0314624444813385,-1.84093720922741,-1.3351697219092313,-0.9598789435635559
I464V,-0.9908615978283257,-1.4820440930129073,-1.23334425589923,-0.7874528522445092
G460D,0.13706031854815443,0.5255633074466329,-0.054727308715081906,-0.4331542131453073
R458W,0.8711323107077079,0.7347392797697342,0.31099220694269114,1.1085332818503901
R457H,0.8298801135736309,0.1866791089429972,-0.04801061534499159,1.3845924399405793
R457C,1.017360493706661,0.48176893319460795,-0.6732055629856312,0.8976032052487849
H456P,0.9027589951771671,0.9273684290275789,1.424799474046278,1.2756729217499092
V454F,-0.031024291704291822,0.4296546225050784,0.044805013082663984,1.1061201331458035
V454I,-1.29258161511248,-0.638987147744312,-1.6405573530665032,-1.0307765742426307
R453H,0.9828389182102489,0.1581256518055681,0.42532393902211135,1.9921533297066152
R453C,0.6938926075825234,0.47176768295330357,-0.27379408763295676,1.2890699200831452
T452P,0.575600122993665,0.8449872612555266,1.7879940653241049,0.4822191212751061
S449L,0.8116061139659914,0.416268284357269,0.617553533417203,-0.29898540604257473
A447V,-0.7041950138843258,-0.10726844867855113,-0.9305012750936228,-0.8172518141895788
A447T,-0.9508035432428664,-1.9536718666634785,-1.090261920040349,-0.9515416444568842
T446A,0.6443175987459572,0.588407223784838,-0.7314711519486381,-0.6715831466026558
T446P,0.5700636439046182,0.8410406658763784,0.5696588740851066,1.1044470876399501
R445H,-0.2898999217895447,-0.32763285847083046,-0.3291550272604398,-0.7718568231132379
R445C,-0.6351518628915016,0.5426331346149803,-0.6544264379097845,-0.7291622445167337
P444T,0.7188610426899913,0.7758095406259083,-0.7394453760157715,-0.5182966692720709
G442D,1.2847398661835876,0.9666418659712954,0.15533456411337693,-0.2406396064320546
G442S,1.2936416560914674,0.5691362873237299,-0.17282176989977296,0.13307593599421846
G441S,-1.997089532659278,-2.0042685028698073,-1.7910122708551086,-1.1120682328636728
A440G,-2.017896561915501,-2.1071687579992995,-1.6977626710496496,-1.0024744427560965
A440D,-1.411055030390523,-1.4051432381738507,-0.6289207564779883,-0.2035420167158229
A440S,-1.921315760028789,-2.0484703711162644,-1.533080396159201,-1.0072169548974894
A440T,-1.8385580627957763,-2.1534979374135417,-1.1715279920269246,-1.0177891927741025
T435M,0.8298439274357937,0.13155511820010116,0.034103673425471846,-0.5686828684433773
T435R,1.060204880905562,0.9205019947906872,0.9401471434057848,1.696765708294235
R433H,1.1677138964190212,0.6761050651692869,0.4774054358514231,1.1696951974057785
R433C,1.1316001308577852,0.8634752958690635,0.15253840762230397,-0.274980926823262
I432V,-0.8950045186983515,-0.5981350726489361,-1.1733970278472359,-0.9502968347641348
A430T,0.9754569460915191,-0.47656068328640216,-0.8344653817829504,-0.5906578822875458
I429V,-0.7491381970777679,-0.1940197488948306,-0.8012369824234293,-0.9392092509944233
E425K,-0.6487940368560169,0.31845689123698706,-0.5260547454598452,-0.034445392347414755
D424N,0.2848806916119314,0.060689666538424426,-0.6087065669596334,0.07143258763030966
M422I,-1.6178949942662997,-1.996811683633108,-1.754726345879247,-1.0096640166866546
H420P,1.1436863008953133,0.9599872002669434,1.2005102441159758,0.38473030747458464
I419F,0.5070997640683947,0.2936414695602956,-0.09856334936613284,1.2609878911651478
P417T,1.260133292454489,0.9398018087789596,0.7811854003136509,2.1457416999861896
T413P,0.4707326955423003,0.7890996203498358,1.3052847428978673,0.0008055966654170524
T412P,0.9095258029526694,0.8913934474088739,0.9830215429355673,1.6558166561098395
V410M,-0.2590693323524976,-0.6009618616969277,-0.6050967141351796,-0.5445261128246843
K408E,0.19097766392515023,0.6466724477604053,0.1793016197511435,0.16441295606927145
S407N,-1.5376341405440337,-1.281736730143436,-1.3608381426077039,-0.9291909268325859
R405Q,-1.2398584122841023,0.18793046845345876,-0.9911339806628289,-0.6250045223782947
R405W,-0.35481785306896124,0.6759061310932648,-0.11196714714873568,0.8349298300611213
Y398C,1.1331923209226094,0.7811839692926342,0.7300507501268192,0.8296360640547238
R396Q,-0.5859387154333044,-0.006736150776547498,0.049470205394048214,-0.20453081586812957
H395R,1.220726588350094,0.7445929337610867,0.6542290463345016,0.8264349348555278
D393E,-0.9703802438126345,-1.9231290687658282,-1.3041950148185293,-1.0289306385016737
L388V,0.21384730303807722,0.7478785546295807,-0.7423500253512951,-0.501524986542092
N387I,0.998471329755794,0.495857957836753,0.19734595238048278,0.13212769955091688
E383Q,0.5970946888687897,0.6832763177484708,0.03937050787426508,-0.7908641095756007
P382S,0.3607268365180944,-0.1962754046277908,0.22825161857017062,-0.016948235592441477
P382T,0.5111526115061287,-0.2975328493230361,0.31381795239134136,-0.30375052690701965
G376D,-1.079011029599038,-0.007358621917648974,-0.5025216611998817,-0.8123164629398008
P375S,0.5723071844505064,0.3286699100108308,-0.8531508084931351,-0.5089566068017956
M372T,-0.49840444800581934,-0.09424789254149218,-0.6952641308596498,0.9372289821721919
S368F,-0.49731886387071217,0.1500624044984146,-0.44005444026087137,0.4448881297414839
G364E,1.009616660209562,0.9356306104107545,1.049364917317229,0.4187098882969588
I361M,0.5671687528776653,0.8394074812845197,-0.6309722575366944,-0.8078392708130483
I361T,0.8704085879509699,0.8529959621224804,-0.0985189659297667,-0.4235215672002405
L357M,0.6455841135702488,0.8093491841204076,-0.4821398009219208,-0.850444079479787
V353L,-1.4330562021953641,-1.7672257168329657,-1.1035079100492053,-0.9544428755944186
I351V,-1.0814355008341112,-1.824390386162153,-1.065944728404582,-0.8977548273535694
R346Q,-0.12120014719387098,-0.5123623997421202,-0.19871210778007636,-0.5691556567401427
T343N,-1.6823425057538361,-1.3106014228514158,-0.5424371649719155,-1.0033900960397053
T343A,-1.958623668138643,-2.1616638603728355,-1.2269629040483516,-1.0334829713844518
D342E,-1.5882585473778705,-0.6444353745360137,-1.4566718447082634,-1.0083287721016971
T334I,-1.2931967794557075,-0.5658082852953461,-1.077824694871944,-0.8982901221199493
T334A,-1.7206636257231236,-2.0514800511696314,-1.4912169526799826,-1.0171807521390248
E332D,-1.6444918055764284,-0.5884161804510182,-1.4321869823128905,-1.0235943148989424
S331L,-1.3057895554229522,-0.6476760748066962,-1.035039062214894,-0.9591055922426865
G326S,-0.7240973896946262,0.05385531844282682,-1.339514367180193,-0.9944443562979558
D325N,-0.8334518982377678,-0.3618559367748894,-1.2766772842714638,-1.0256423992224828
S324R,-1.9259837718097503,-2.099708730148471,-0.8027706767245292,-1.009467187803613
N321K,-0.7489572663885833,-0.7445505526011968,-1.401335562545428,-1.0195759468576586
G319E,-1.810151944593802,-2.0536779518482624,-0.7615433958332268,-1.030249923988006
T310A,-1.0467329946485144,0.05529598618692241,-1.0187059576321196,-0.986170893585784
M307I,-0.34182702958551026,-0.0163619931647133,-0.7711104921166152,-0.9674435563118011
T306M,0.7550471805269011,0.8266853262614939,0.6610493010561131,-0.7883804748520868
I303V,-1.0892155204690468,-1.1882986780815106,-0.7123369593818615,-0.9622282558736429
T286P,0.08527795530353667,0.8011672180904664,1.5423120190652784,0.9001320574184031
R283K,-0.24568046135284083,-1.3290798316225645,0.05253266250331831,-0.3281985360756188
H282R,0.6966789401959657,0.8049662172196624,0.4398669116714477,-0.509005814022556
M281V,-0.5806917254469525,-0.2508025931426205,-0.9800825050076365,-0.912091417618352
R274C,0.03733132266963117,0.3866174811875891,-0.47335188052140637,-0.5040126110402623
P269L,1.2819173474323085,0.8875463190677368,0.09774952117465238,1.3029516760371158
H268R,1.147630589919536,0.9636867323581283,1.5314331456626211,2.023429173236939
A265G,1.12193843205533,-0.5376398618534437,0.938657832541051,1.4709358182388734
E264K,-0.14247759624197395,0.42160100104031295,0.6589435535751815,0.3192381564922825
A262V,1.1826949574835017,0.9529057888833825,0.8707709008724307,0.08308804932609391
T261I,0.8698296097455791,0.055308820643439977,1.0051590146964595,1.0903299349812614
I260M,0.861434425767416,0.23796238857301505,-0.24942758106789384,0.1699434487052731
I260L,-0.09261309830271212,0.5775139788155637,-0.22959804799804615,-0.3385599808578934
S257P,-0.7581847315369953,0.4711227515132964,0.17120903985370003,0.24404686332064265
P242L,0.9504523248462146,-0.7289470620899801,-0.39516306012289,0.27731094455466326
D238H,0.9129634860471758,0.9198763150354565,1.6417210535397848,1.2549380628613909
D238N,0.7341677789950044,0.718240585916418,0.7250502162962231,0.2933990458935383
P235L,0.9333362816493561,0.8992802209389109,0.831279505492341,-0.11357126829255713
S234L,0.953093912908309,0.7075719439362009,0.8415271478000117,0.07062199841264866
S234W,0.887995050939708,0.900865276318829,1.6758962995417854,1.0321989182397355
A229T,-0.1090777910185063,-0.3767118201939584,-0.18693570266423545,-0.7797579068574932
G228S,1.1775565259106606,0.8346523151447658,1.3001757162228207,0.1995395971053168
I225M,1.1918862364940772,0.9588320991803634,1.288374653642332,0.9089481294838245
Q223K,0.09493965410599142,0.38140990045559126,-0.032012852281428965,-0.003954869461928973
R220L,-0.14443164768516703,0.39975675604743527,-0.31274795028372193,-0.43137543861106364
R220P,0.41598306899505577,0.8480739480479985,1.705460599654627,0.4451428103570409
R220H,-0.48501557700616277,-1.084580226349024,-0.11425535986806164,0.23086863763105736
R220C,0.27963370162557966,0.5910543304415835,0.04028283406623764,0.03696159956277429
H219L,0.5798339011205835,0.9003069774603153,0.5272578978765639,0.07828968033951371
H219P,0.6702268734371843,0.9246956534577983,1.055992843814587,-0.6685741915494026
D217E,-0.7979894831575962,0.5427807308649322,0.8861177068692887,-0.6505596940140025
P212L,1.263353858721974,0.9895128674855771,1.5402457235277833,2.5317164900062252
P212Q,1.2643308844435703,0.9817768988196214,2.300016181723776,3.2740247042001496
P211S,1.0335356973197596,0.8758380861095978,1.4301353493960849,0.8459595620983175
Y210S,0.7833809264532016,-1.8252920067325114,1.4808902746273394,0.3087530286956642
L207P,1.2497478708952958,0.9885470746326311,1.5720144009801484,3.54876790161622
I202V,-0.013293084164205934,0.6433868268919117,-0.030173405418694958,-0.7641745120126334
P193A,-1.5072739708988663,-2.1105121339221227,-1.5778928724103094,-1.1302203776247133
G191W,1.0701922549485492,0.575360998734744,1.43220164493358,1.1443614582634924
R186Q,-0.18188430034636904,0.6641786464503496,0.6530948029606976,-0.04688351483826621
E183V,1.2767065435837934,0.9949386339783731,1.9963545730918582,3.216164992135249
G175A,1.2743182584865576,0.9715959661870713,2.166574914542227,2.452558695863833
A169V,-0.4493722312368065,0.7315178311838281,0.1433017213651978,-0.7499802237105903
A169S,-0.6062391387598107,-1.0344552564197154,-0.4019981093232901,-0.8915440781386774
E164D,-1.7662219732597932,-1.9814584650239837,-1.1313905710730596,-0.7600863229148651
V163L,0.09023545618719325,0.35525006945868615,0.029749165168651434,-0.7623551747693845
E162K,0.5712216003153993,0.8957507453965835,0.733433754276512,0.17592877565208703
I161L,0.2987399824034679,0.5066132323984637,0.8574410754837715,0.11458333046251137
A151T,-0.2151393610184889,0.37985372260283795,-0.5530300117846568,-0.715131536975597
A150V,1.2105944697557596,0.8756904898596459,0.8355304523976405,-0.10346184427606886
G149S,0.25864574168017185,0.5976095291079245,0.04047023079756165,-0.917197664215906
R134Q,1.300625580693991,0.9840453890090991,2.0570809770267258,0.8151538470149882
R134W,1.2847398661835876,0.978151164853412,1.671147271850598,2.3390828550157283
H125Y,0.08495228006300436,0.6013026439708508,-0.7366442880317694,-0.8267641019325155
L124V,-1.2902657022909179,-1.615281794735769,0.18930761890526462,-0.2926948613345579
A110V,-0.1325625944746608,-0.7414349882815605,-0.5281161095044105,-0.59182289648717
E109D,0.4310003161973733,0.8452246987011014,0.5602643800542534,1.1979255129485002
A103V,-0.9702716853991239,0.33614918954643586,-0.47147298171523594,0.4456914043722751
F98S,1.1599338767840857,0.9705307062961144,2.1214813431941324,1.1413830914826038
L87P,0.9959744862450469,0.9801790089831858,1.8537456605542169,1.9309508514422218
G83E,-0.45458303508532144,0.632342777058556,0.8720136370906854,-0.6196416002778554
I79V,-1.3719378153888233,-2.1483256514369673,-0.41369067905932794,0.35143896278041303
L75Q,1.2579259380464376,0.9736462706157505,2.1870307472141315,1.5273292881176035
R65H,0.7295721394897164,0.8365871094647872,-0.3344761081314584,0.4889837842047736
R62H,0.49562875837409426,0.8883837673555074,0.5937541485390421,0.31691610764234646
R62C,0.3332977440377166,0.2333163153136607,0.5391181383722076,0.06685365624982302
R59C,1.0754030587970642,0.833182769873506,0.7840111457623014,0.3348501447221788
H54L,-0.8352973912674502,-0.6531210929842687,-0.7424486552098869,-0.8633317165819089
T46S,-0.006888137767072711,-1.5455521924758957,0.3190551978825571,-0.6776303150566415
I44F,0.9867832072344719,0.8110208720818189,1.2862442486967527,-0.13123865543286364
I43V,-0.21586308377522742,0.4922578927835792,-0.5051945303677151,-0.7631564545128475
Y39D,1.0905288644128923,0.9714387440947311,2.1768077623711086,1.720536120733715
E38K,0.6827110909909185,0.15818340685989696,0.2646213789258352,0.007455221092496167
G36D,0.3075694000356739,0.7359104239269613,0.26060714368115584,0.37685715215292276
L34V,-1.8354098688039648,-1.8266652935798895,-1.437725048872811,-0.9960768390948037
R28Q,0.8642931306565322,0.7807700580699433,0.6711983135051921,0.43718719969248354
S25L,1.2454055343548667,0.9813597789828006,2.032778579869748,1.5228707149392469
A23G,0.9031208565555361,0.5739973377297538,1.4327145201982563,-0.45890687862649926
G20D,1.233210805903828,0.9791939644454634,1.969019307783187,1.695527548225913
E12D,-1.6925831827616817,-2.069971294397298,-1.1047654407462486,-0.9277466284070243
E11K,-0.902422676954918,0.48161171110226764,-0.5457116762771578,-0.48934686436633923
T10M,-0.93694425245133,-0.41937997088656803,-0.05872181798804291,-0.2099575743630689
T10S,-1.5588754034542995,-1.500066878577683,-1.3446924347562537,-1.032016729198281
T10A,-1.0912057580500767,-0.17316054843967538,-0.8129640726099745,-0.7861887586409214
R8H,-0.209602881929442,-0.7022385580769493,0.0728454818802652,-0.5056058610529903
R8C,0.7276542741843605,0.9173671787862745,0.022677404307631162,-0.16481327412762883
T5S,-1.3421566239490466,-0.7415440811619596,-0.8886279686285453,-0.9299343548435333
T5P,-0.5311529027482228,0.30012287010166067,-0.230189827149596,-0.8398252942321843
I4M,-1.4015018900015788,-1.5492356814964339,-1.2356521945902745,-0.9018869039725563
I4V,-1.8621514246654414,-1.9859922367888099,-1.5569241644737282,-1.0255366701940924
T3I,-0.3295237427209611,-0.08047010346989748,-0.4644899877269482,-0.48995198018920344
A2S,-1.0099316924683772,0.06396887017865982,-0.727239931015057,-0.976522953504535
A2T,-1.0329822622704887,-1.3213246112718324,-0.9140152942300314,-0.8841716395363748